{
    "name": "root",
    "metadata": {
        "timer_format_version": "0.1.0",
        "start_time_seconds": "1602617528",
        "python_version": "3.7.7 (default, Mar 26 2020, 10:32:53) \n[Clang 4.0.1 (tags/RELEASE_401/final)]",
        "command_line_arguments": "/opt/anaconda3/bin/mlagents-learn train.yaml --run-id=testworkworkfinal",
        "mlagents_version": "0.20.0",
        "mlagents_envs_version": "0.20.0",
        "communication_protocol_version": "1.1.0",
        "tensorflow_version": "2.3.1",
        "numpy_version": "1.18.1",
        "end_time_seconds": "1602617558"
    },
    "total": 30.547659398999997,
    "count": 1,
    "self": 0.010893465999991747,
    "children": {
        "run_training.setup": {
            "total": 0.02359517599999883,
            "count": 1,
            "self": 0.02359517599999883
        },
        "TrainerController.start_learning": {
            "total": 30.513170757000005,
            "count": 1,
            "self": 0.13156259200025033,
            "children": {
                "TrainerController._reset_env": {
                    "total": 7.328741601000001,
                    "count": 1,
                    "self": 7.328741601000001
                },
                "TrainerController.advance": {
                    "total": 22.76742316699976,
                    "count": 5401,
                    "self": 0.06209768399970983,
                    "children": {
                        "env_step": {
                            "total": 22.70532548300005,
                            "count": 5401,
                            "self": 19.736554916000205,
                            "children": {
                                "SubprocessEnvManager._take_step": {
                                    "total": 2.9096056749998844,
                                    "count": 5401,
                                    "self": 0.11519402499980913,
                                    "children": {
                                        "TFPolicy.evaluate": {
                                            "total": 2.7944116500000753,
                                            "count": 5401,
                                            "self": 2.7944116500000753
                                        }
                                    }
                                },
                                "workers": {
                                    "total": 0.059164891999959224,
                                    "count": 5400,
                                    "self": 0.0,
                                    "children": {
                                        "worker_root": {
                                            "total": 30.085704093000214,
                                            "count": 5400,
                                            "is_parallel": true,
                                            "self": 13.92651940500011,
                                            "children": {
                                                "run_training.setup": {
                                                    "total": 0.0,
                                                    "count": 0,
                                                    "is_parallel": true,
                                                    "self": 0.0,
                                                    "children": {
                                                        "steps_from_proto": {
                                                            "total": 0.005315068999999895,
                                                            "count": 1,
                                                            "is_parallel": true,
                                                            "self": 0.0002763720000000802,
                                                            "children": {
                                                                "_process_vector_observation": {
                                                                    "total": 0.005038696999999814,
                                                                    "count": 4,
                                                                    "is_parallel": true,
                                                                    "self": 0.005038696999999814
                                                                }
                                                            }
                                                        },
                                                        "UnityEnvironment.step": {
                                                            "total": 0.02037592900000007,
                                                            "count": 1,
                                                            "is_parallel": true,
                                                            "self": 0.00011081199999551927,
                                                            "children": {
                                                                "UnityEnvironment._generate_step_input": {
                                                                    "total": 0.00013926400000130457,
                                                                    "count": 1,
                                                                    "is_parallel": true,
                                                                    "self": 0.00013926400000130457
                                                                },
                                                                "communicator.exchange": {
                                                                    "total": 0.019885409000000465,
                                                                    "count": 1,
                                                                    "is_parallel": true,
                                                                    "self": 0.019885409000000465
                                                                },
                                                                "steps_from_proto": {
                                                                    "total": 0.00024044400000278188,
                                                                    "count": 1,
                                                                    "is_parallel": true,
                                                                    "self": 8.894400000869496e-05,
                                                                    "children": {
                                                                        "_process_vector_observation": {
                                                                            "total": 0.00015149999999408692,
                                                                            "count": 4,
                                                                            "is_parallel": true,
                                                                            "self": 0.00015149999999408692
                                                                        }
                                                                    }
                                                                }
                                                            }
                                                        }
                                                    }
                                                },
                                                "UnityEnvironment.step": {
                                                    "total": 16.159184688000103,
                                                    "count": 5399,
                                                    "is_parallel": true,
                                                    "self": 0.4168244360000237,