{
    "name": "root",
    "metadata": {
        "timer_format_version": "0.1.0",
        "start_time_seconds": "1602563148",
        "python_version": "3.7.7 (default, Mar 26 2020, 10:32:53) \n[Clang 4.0.1 (tags/RELEASE_401/final)]",
        "command_line_arguments": "/opt/anaconda3/bin/mlagents-learn train.yaml --run-id=testworkwork5",
        "mlagents_version": "0.20.0",
        "mlagents_envs_version": "0.20.0",
        "communication_protocol_version": "1.1.0",
        "tensorflow_version": "2.3.1",
        "numpy_version": "1.18.1",
        "end_time_seconds": "1602563271"
    },
    "total": 123.234282849,
    "count": 1,
    "self": 0.0064206150000103435,
    "children": {
        "run_training.setup": {
            "total": 0.01198068600000024,
            "count": 1,
            "self": 0.01198068600000024
        },
        "TrainerController.start_learning": {
            "total": 123.21588154799998,
            "count": 1,
            "self": 0.20187848299956102,
            "children": {
                "TrainerController._reset_env": {
                    "total": 15.823532384,
                    "count": 1,
                    "self": 15.823532384
                },
                "TrainerController.advance": {
                    "total": 106.77474310900041,
                    "count": 8301,
                    "self": 0.09856273900047086,
                    "children": {
                        "env_step": {
                            "total": 106.67618036999994,
                            "count": 8301,
                            "self": 102.01422052700015,
                            "children": {
                                "SubprocessEnvManager._take_step": {
                                    "total": 4.568187586999752,
                                    "count": 8301,
                                    "self": 0.17694269099987636,
                                    "children": {
                                        "TFPolicy.evaluate": {
                                            "total": 4.3912448959998756,
                                            "count": 8301,
                                            "self": 4.3912448959998756
                                        }
                                    }
                                },
                                "workers": {
                                    "total": 0.09377225600004024,
                                    "count": 8300,
                                    "self": 0.0,
                                    "children": {
                                        "worker_root": {
                                            "total": 62.578717166999525,
                                            "count": 8300,
                                            "is_parallel": true,
                                            "self": 26.434117480999177,
                                            "children": {
                                                "run_training.setup": {
                                                    "total": 0.0,
                                                    "count": 0,
                                                    "is_parallel": true,
                                                    "self": 0.0,
                                                    "children": {
                                                        "steps_from_proto": {
                                                            "total": 0.002352443999999565,
                                                            "count": 1,
                                                            "is_parallel": true,
                                                            "self": 0.0002083319999997002,
                                                            "children": {
                                                                "_process_vector_observation": {
                                                                    "total": 0.002144111999999865,
                                                                    "count": 4,
                                                                    "is_parallel": true,
                                                                    "self": 0.002144111999999865
                                                                }
                                                            }
                                                        },
                                                        "UnityEnvironment.step": {
                                                            "total": 0.30912460400000086,
                                                            "count": 1,
                                                            "is_parallel": true,
                                                            "self": 0.00011842700000030959,
                                                            "children": {
                                                                "UnityEnvironment._generate_step_input": {
                                                                    "total": 0.00010654599999782022,
                                                                    "count": 1,
                                                                    "is_parallel": true,
                                                                    "self": 0.00010654599999782022
                                                                },
                                                                "communicator.exchange": {
                                                                    "total": 0.3086570060000007,
                                                                    "count": 1,
                                                                    "is_parallel": true,
                                                                    "self": 0.3086570060000007
                                                                },
                                                                "steps_from_proto": {
                                                                    "total": 0.00024262500000205023,
                                                                    "count": 1,
                                                                    "is_parallel": true,
                                                                    "self": 8.466400000628482e-05,
                                                                    "children": {
                                                                        "_process_vector_observation": {
                                                                            "total": 0.0001579609999957654,
                                                                            "count": 4,
                                                                            "is_parallel": true,
                                                                            "self": 0.0001579609999957654
                                                                        }
                                                                    }
                                                                }
                                                            }
                                                        }
                                                    }
                                                },
                                                "UnityEnvironment.step": {
                                                    "total": 36.14459968600035,
                                                    "count": 8299,
                                                    "is_parallel": true,
                                                    "self": 0.6545865270007596,