{"count":1,"self":121.3662208,"total":128.626992,"children":{"AgentSendState":{"count":5257,"self":6.1629439999999995,"total":6.8220719999999995,"children":{"CollectObservations":{"count":5256,"self":0.16644399999999998,"total":0.16644399999999998,"children":null},"CollectDiscreteActionMasks":{"count":5256,"self":0.160906,"total":0.160906,"children":null},"RayPerceptionSensor.Perceive":{"count":5256,"self":0.33177799999999996,"total":0.33177799999999996,"children":null}}},"DecideAction":{"count":5257,"self":0.19286699999999998,"total":0.19286699999999998,"children":null},"AgentAct":{"count":5257,"self":0.24103899999999998,"total":0.241361,"children":{"RayPerceptionSensor.Perceive":{"count":6,"self":0.00032199999999999997,"total":0.00032199999999999997,"children":null}}},"RayPerceptionSensor.Perceive":{"count":1,"self":9.4999999999999992E-05,"total":9.4999999999999992E-05,"children":null}},"gauges":{"Agent.CumulativeReward":{"count":6,"max":4.299999,"min":4.20099926,"runningAverage":4.244999,"value":4.23399925,"weightedAverage":4.237383}},"metadata":{"timer_format_version":"0.1.0","start_time_seconds":"1602628451","unity_version":"2019.4.12f1","command_line_arguments":"\/Applications\/Unity\/Hub\/Editor\/2019.4.12f1\/Unity.app\/Contents\/MacOS\/Unity -projectpath \/Users\/akshatasheth\/Desktop\/mlgames\/OriginX -useHub -hubIPC -cloudEnvironment production -hubSessionId da86f630-0aad-11eb-9337-9b874937082c -accessToken Y5vdM7NOTuhrBDUacXlSEFqCoM4ynEFavGASFrIqCl4012f","communication_protocol_version":"1.0.0","com.unity.ml-agents_version":"1.0.4","scene_name":"Jungle 2","end_time_seconds":"1602628579"}}