{
    "name": "root",
    "metadata": {
        "timer_format_version": "0.1.0",
        "start_time_seconds": "1602617606",
        "python_version": "3.7.7 (default, Mar 26 2020, 10:32:53) \n[Clang 4.0.1 (tags/RELEASE_401/final)]",
        "command_line_arguments": "/opt/anaconda3/bin/mlagents-learn train.yaml --run-id=testworkworkfinal7",
        "mlagents_version": "0.20.0",
        "mlagents_envs_version": "0.20.0",
        "communication_protocol_version": "1.1.0",
        "tensorflow_version": "2.3.1",
        "numpy_version": "1.18.1",
        "end_time_seconds": "1602617829"
    },
    "total": 223.05976112500002,
    "count": 1,
    "self": 0.008581633000034117,
    "children": {
        "run_training.setup": {
            "total": 0.013270419000000366,
            "count": 1,
            "self": 0.013270419000000366
        },
        "TrainerController.start_learning": {
            "total": 223.03790907299998,
            "count": 1,
            "self": 0.9163964409989376,
            "children": {
                "TrainerController._reset_env": {
                    "total": 6.339641513999999,
                    "count": 1,
                    "self": 6.339641513999999
                },
                "TrainerController.advance": {
                    "total": 215.37312495600105,
                    "count": 35817,
                    "self": 0.42966038100146875,
                    "children": {
                        "env_step": {
                            "total": 214.94346457499958,
                            "count": 35817,
                            "self": 193.75553654700175,
                            "children": {
                                "SubprocessEnvManager._take_step": {
                                    "total": 20.767287278997845,
                                    "count": 35817,
                                    "self": 0.8187817659980858,
                                    "children": {
                                        "TFPolicy.evaluate": {
                                            "total": 19.94850551299976,
                                            "count": 35814,
                                            "self": 19.94850551299976
                                        }
                                    }
                                },
                                "workers": {
                                    "total": 0.42064074899997905,
                                    "count": 35816,
                                    "self": 0.0,
                                    "children": {
                                        "worker_root": {
                                            "total": 161.6073600740021,
                                            "count": 35816,
                                            "is_parallel": true,
                                            "self": 54.69787555400187,
                                            "children": {
                                                "run_training.setup": {
                                                    "total": 0.0,
                                                    "count": 0,
                                                    "is_parallel": true,
                                                    "self": 0.0,
                                                    "children": {
                                                        "steps_from_proto": {
                                                            "total": 0.00390794399999983,
                                                            "count": 1,
                                                            "is_parallel": true,
                                                            "self": 0.00018558000000012953,
                                                            "children": {
                                                                "_process_vector_observation": {
                                                                    "total": 0.0037223639999997005,
                                                                    "count": 4,
                                                                    "is_parallel": true,
                                                                    "self": 0.0037223639999997005
                                                                }
                                                            }
                                                        },
                                                        "UnityEnvironment.step": {
                                                            "total": 0.014199122000000841,
                                                            "count": 1,
                                                            "is_parallel": true,
                                                            "self": 0.00010882800000011628,
                                                            "children": {
                                                                "UnityEnvironment._generate_step_input": {
                                                                    "total": 0.00011527300000047092,
                                                                    "count": 1,
                                                                    "is_parallel": true,
                                                                    "self": 0.00011527300000047092
                                                                },
                                                                "communicator.exchange": {
                                                                    "total": 0.013758769999999032,
                                                                    "count": 1,
                                                                    "is_parallel": true,
                                                                    "self": 0.013758769999999032
                                                                },
                                                                "steps_from_proto": {
                                                                    "total": 0.00021625100000122188,
                                                                    "count": 1,
                                                                    "is_parallel": true,
                                                                    "self": 8.367700000100342e-05,
                                                                    "children": {
                                                                        "_process_vector_observation": {
                                                                            "total": 0.00013257400000021846,
                                                                            "count": 4,
                                                                            "is_parallel": true,
                                                                            "self": 0.00013257400000021846
                                                                        }
                                                                    }
                                                                }
                                                            }
                                                        }
                                                    }
                                                },
                                                "UnityEnvironment.step": {
                                                    "total": 106.90948452000022,
                                                    "count": 35815,
                                                    "is_parallel": true,
                                                    "self": 2.960387522993827,