{
    "name": "root",
    "metadata": {
        "timer_format_version": "0.1.0",
        "start_time_seconds": "1602569567",
        "python_version": "3.7.7 (default, Mar 26 2020, 10:32:53) \n[Clang 4.0.1 (tags/RELEASE_401/final)]",
        "command_line_arguments": "/opt/anaconda3/bin/mlagents-learn train.yaml --run-id=testworkwork10",
        "mlagents_version": "0.20.0",
        "mlagents_envs_version": "0.20.0",
        "communication_protocol_version": "1.1.0",
        "tensorflow_version": "2.3.1",
        "numpy_version": "1.18.1",
        "end_time_seconds": "1602569657"
    },
    "total": 89.53626733899999,
    "count": 1,
    "self": 0.01248775999999907,
    "children": {
        "run_training.setup": {
            "total": 0.014091394999999896,
            "count": 1,
            "self": 0.014091394999999896
        },
        "TrainerController.start_learning": {
            "total": 89.509688184,
            "count": 1,
            "self": 0.30236565900095513,
            "children": {
                "TrainerController._reset_env": {
                    "total": 22.859482364,
                    "count": 1,
                    "self": 22.859482364
                },
                "TrainerController.advance": {
                    "total": 65.97348537899903,
                    "count": 12151,
                    "self": 0.14167435399856743,
                    "children": {
                        "env_step": {
                            "total": 65.83181102500046,
                            "count": 12151,
                            "self": 58.62136191300095,
                            "children": {
                                "SubprocessEnvManager._take_step": {
                                    "total": 7.072368122999443,
                                    "count": 12151,
                                    "self": 0.2570696939998527,
                                    "children": {
                                        "TFPolicy.evaluate": {
                                            "total": 6.81529842899959,
                                            "count": 12151,
                                            "self": 6.81529842899959
                                        }
                                    }
                                },
                                "workers": {
                                    "total": 0.13808098900006982,
                                    "count": 12150,
                                    "self": 0.0,
                                    "children": {
                                        "worker_root": {
                                            "total": 86.29613902700038,
                                            "count": 12150,
                                            "is_parallel": true,
                                            "self": 39.05673032899999,
                                            "children": {
                                                "run_training.setup": {
                                                    "total": 0.0,
                                                    "count": 0,
                                                    "is_parallel": true,
                                                    "self": 0.0,
                                                    "children": {
                                                        "steps_from_proto": {
                                                            "total": 0.007717704999997466,
                                                            "count": 1,
                                                            "is_parallel": true,
                                                            "self": 0.0003544979999965392,
                                                            "children": {
                                                                "_process_vector_observation": {
                                                                    "total": 0.007363207000000926,
                                                                    "count": 4,
                                                                    "is_parallel": true,
                                                                    "self": 0.007363207000000926
                                                                }
                                                            }
                                                        },
                                                        "UnityEnvironment.step": {
                                                            "total": 0.35985822199999973,
                                                            "count": 1,
                                                            "is_parallel": true,
                                                            "self": 0.00010644400000359155,
                                                            "children": {
                                                                "UnityEnvironment._generate_step_input": {
                                                                    "total": 0.00016240799999778233,
                                                                    "count": 1,
                                                                    "is_parallel": true,
                                                                    "self": 0.00016240799999778233
                                                                },
                                                                "communicator.exchange": {
                                                                    "total": 0.3592905069999972,
                                                                    "count": 1,
                                                                    "is_parallel": true,
                                                                    "self": 0.3592905069999972
                                                                },
                                                                "steps_from_proto": {
                                                                    "total": 0.0002988630000011483,
                                                                    "count": 1,
                                                                    "is_parallel": true,
                                                                    "self": 8.747400000430616e-05,
                                                                    "children": {
                                                                        "_process_vector_observation": {
                                                                            "total": 0.00021138899999684213,
                                                                            "count": 4,
                                                                            "is_parallel": true,
                                                                            "self": 0.00021138899999684213
                                                                        }
                                                                    }
                                                                }
                                                            }
                                                        }
                                                    }
                                                },
                                                "UnityEnvironment.step": {
                                                    "total": 47.23940869800039,
                                                    "count": 12149,
                                                    "is_parallel": true,
                                                    "self": 0.9519180350011354,