{
    "name": "root",
    "gauges": {
        "Agent.Policy.Entropy.mean": {
            "value": 1.4174412488937378,
            "min": 1.4173808097839355,
            "max": 1.4254096746444702,
            "count": 10
        },
        "Agent.Policy.ExtrinsicValueEstimate.mean": {
            "value": 4.699357032775879,
            "min": -0.022717174142599106,
            "max": 4.827260494232178,
            "count": 10
        },
        "Agent.Environment.EpisodeLength.mean": {
            "value": 123.7775,
            "min": 122.45566502463055,
            "max": 768.3230769230769,
            "count": 10
        },
        "Agent.Environment.CumulativeReward.mean": {
            "value": 10.002555831447244,
            "min": 7.9153125263692345,
            "max": 10.002555831447244,
            "count": 10
        },
        "Agent.Policy.ExtrinsicReward.mean": {
            "value": 10.002555831447244,
            "min": 7.9153125263692345,
            "max": 10.002555831447244,
            "count": 10
        },
        "Agent.Losses.PolicyLoss.mean": {
            "value": 0.021495658039930275,
            "min": 0.021495658039930275,
            "max": 0.02688814857606,
            "count": 10
        },
        "Agent.Losses.ValueLoss.mean": {
            "value": 1.1080880145231884,
            "min": 0.008131793665234,
            "max": 1.1080880145231884,
            "count": 10
        },
        "Agent.Policy.LearningRate.mean": {
            "value": 1.659225446928001e-05,
            "min": 1.659225446928001e-05,
            "max": 0.0002846149551283501,
            "count": 10
        },
        "Agent.Policy.Epsilon.mean": {
            "value": 0.10553072,
            "min": 0.10553072,
            "max": 0.19487165,
            "count": 10
        },
        "Agent.Policy.Beta.mean": {
            "value": 0.00028598292800000014,
            "min": 0.00028598292800000014,
            "max": 0.004744095335,
            "count": 10
        },
        "Agent.IsTraining.mean": {
            "value": 1.0,
            "min": 1.0,
            "max": 1.0,
            "count": 10
        }
    },
    "metadata": {
        "timer_format_version": "0.1.0",
        "start_time_seconds": "1606208113",
        "python_version": "3.8.3 (default, Jul  2 2020, 11:26:31) \n[Clang 10.0.0 ]",
        "command_line_arguments": "/Users/ssrujanaa/opt/anaconda3/bin/mlagents-learn config/train.yaml --run-id=train02",
        "mlagents_version": "0.22.0",
        "mlagents_envs_version": "0.22.0",
        "communication_protocol_version": "1.2.0",
        "pytorch_version": "1.7.0",
        "numpy_version": "1.18.5",
        "end_time_seconds": "1606209832"
    },
    "total": 1719.439901142,
    "count": 1,
    "self": 0.29834246600012193,
    "children": {
        "run_training.setup": {
            "total": 0.020816711000000154,
            "count": 1,
            "self": 0.020816711000000154
        },
        "TrainerController.start_learning": {
            "total": 1719.120741965,
            "count": 1,
            "self": 7.673984121049671,
            "children": {
                "TrainerController._reset_env": {
                    "total": 10.00347949,
                    "count": 1,
                    "self": 10.00347949
                },
                "TrainerController.advance": {
                    "total": 1701.41274085195,
                    "count": 500108,
                    "self": 3.7423450629723902,
                    "children": {
                        "env_step": {
                            "total": 1697.6703957889777,
                            "count": 500108,
                            "self": 1302.5288302230442,
                            "children": {
                                "SubprocessEnvManager._take_step": {
                                    "total": 390.76903675390037,
                                    "count": 500108,
                                    "self": 18.103752754948744,
                                    "children": {
                                        "TorchPolicy.evaluate": {
                                            "total": 372.6652839989516,
                                            "count": 500020,
                                            "self": 49.97294472688321,
                                            "children": {
                                                "TorchPolicy.sample_actions": {
                                                    "total": 322.6923392720684,
                                                    "count": 500020,
                                                    "self": 322.6923392720684
                                                }
                                            }
                                        }
                                    }
                                },
                                "workers": {
                                    "total": 4.372528812033028,
                                    "count": 500108,
                                    "self": 0.0,
                                    "children": {
                                        "worker_root": {
                                            "total": 1699.0980357599408,
                                            "count": 500108,
                                            "is_parallel": true,
                                            "self": 653.7434384678643,
                                            "children": {
                                                "steps_from_proto": {
                                                    "total": 0.0002596940000003656,
                                                    "count": 1,
                                                    "is_parallel": true,
                                                    "self": 7.983699999947191e-05,
                                                    "children": {
                                                        "_process_vector_observation": {
                                                            "total": 0.00017985700000089366,
                                                            "count": 4,
                                                            "is_parallel": true,
                                                            "self": 0.00017985700000089366
                                                        }
                                                    }
                                                },
                                                "UnityEnvironment.step": {
                                                    "total": 1045.3543375980764,
                                                    "count": 500108,
                                                    "is_parallel": true,
                                                    "self": 27.351474615087,
                                                    "children": {
                                                        "UnityEnvironment._generate_step_input": {
                                                            "total": 16.51975608204011,
                                                            "count": 500108,
                                                            "is_parallel": true,
                                                            "self": 16.51975608204011
                                                        },
                                                        "communicator.exchange": {
                                                            "total": 925.7309059738965,
                                                            "count": 500108,
                                                            "is_parallel": true,
                                                            "self": 925.7309059738965
                                                        },