{
    "name": "root",
    "metadata": {
        "timer_format_version": "0.1.0",
        "start_time_seconds": "1602533009",
        "python_version": "3.7.7 (default, Mar 26 2020, 10:32:53) \n[Clang 4.0.1 (tags/RELEASE_401/final)]",
        "command_line_arguments": "/opt/anaconda3/bin/mlagents-learn train.yaml --run-id=testwork1",
        "mlagents_version": "0.20.0",
        "mlagents_envs_version": "0.20.0",
        "communication_protocol_version": "1.1.0",
        "tensorflow_version": "2.3.1",
        "numpy_version": "1.18.1",
        "end_time_seconds": "1602533093"
    },
    "total": 84.11169800200001,
    "count": 1,
    "self": 0.009288420000004294,
    "children": {
        "run_training.setup": {
            "total": 0.01763635100000016,
            "count": 1,
            "self": 0.01763635100000016
        },
        "TrainerController.start_learning": {
            "total": 84.084773231,
            "count": 1,
            "self": 0.27424580900023443,
            "children": {
                "TrainerController._reset_env": {
                    "total": 18.197410993,
                    "count": 1,
                    "self": 18.197410993
                },
                "TrainerController.advance": {
                    "total": 65.30959202299978,
                    "count": 11451,
                    "self": 0.1321217380007198,
                    "children": {
                        "env_step": {
                            "total": 65.17747028499906,
                            "count": 11451,
                            "self": 58.406144186998866,
                            "children": {
                                "SubprocessEnvManager._take_step": {
                                    "total": 6.641514652999586,
                                    "count": 11451,
                                    "self": 0.24650840499975502,
                                    "children": {
                                        "TFPolicy.evaluate": {
                                            "total": 6.395006247999831,
                                            "count": 11451,
                                            "self": 6.395006247999831
                                        }
                                    }
                                },
                                "workers": {
                                    "total": 0.12981144500060893,
                                    "count": 11450,
                                    "self": 0.0,
                                    "children": {
                                        "worker_root": {
                                            "total": 83.4702849739998,
                                            "count": 11450,
                                            "is_parallel": true,
                                            "self": 33.079007512000295,
                                            "children": {
                                                "run_training.setup": {
                                                    "total": 0.0,
                                                    "count": 0,
                                                    "is_parallel": true,
                                                    "self": 0.0,
                                                    "children": {
                                                        "steps_from_proto": {
                                                            "total": 0.004695808000001023,
                                                            "count": 1,
                                                            "is_parallel": true,
                                                            "self": 0.00030264000000101987,
                                                            "children": {
                                                                "_process_vector_observation": {
                                                                    "total": 0.004393168000000003,
                                                                    "count": 2,
                                                                    "is_parallel": true,
                                                                    "self": 0.004393168000000003
                                                                }
                                                            }
                                                        },
                                                        "UnityEnvironment.step": {
                                                            "total": 0.0637364670000018,
                                                            "count": 1,
                                                            "is_parallel": true,
                                                            "self": 0.00010890600000479367,
                                                            "children": {
                                                                "UnityEnvironment._generate_step_input": {
                                                                    "total": 0.0001835869999986528,
                                                                    "count": 1,
                                                                    "is_parallel": true,
                                                                    "self": 0.0001835869999986528
                                                                },
                                                                "communicator.exchange": {
                                                                    "total": 0.06320345900000035,
                                                                    "count": 1,
                                                                    "is_parallel": true,
                                                                    "self": 0.06320345900000035
                                                                },
                                                                "steps_from_proto": {
                                                                    "total": 0.0002405149999979983,
                                                                    "count": 1,
                                                                    "is_parallel": true,
                                                                    "self": 0.00010233199999731823,
                                                                    "children": {
                                                                        "_process_vector_observation": {
                                                                            "total": 0.00013818300000068007,
                                                                            "count": 2,
                                                                            "is_parallel": true,
                                                                            "self": 0.00013818300000068007
                                                                        }
                                                                    }
                                                                }
                                                            }
                                                        }
                                                    }
                                                },
                                                "UnityEnvironment.step": {
                                                    "total": 50.3912774619995,
                                                    "count": 11449,
                                                    "is_parallel": true,
                                                    "self": 0.8616485499990816,