{
    "name": "root",
    "gauges": {
        "Agent.Policy.Entropy.mean": {
            "value": 1.718116044998169,
            "min": 1.4189385175704956,
            "max": 1.7181257009506226,
            "count": 1000
        },
        "Agent.Policy.ExtrinsicValueEstimate.mean": {
            "value": 3.8325510025024414,
            "min": -0.0006227880949154496,
            "max": 3.891505241394043,
            "count": 1000
        },
        "Agent.Environment.EpisodeLength.mean": {
            "value": 101.47916666666667,
            "min": 100.02,
            "max": 1415.75,
            "count": 1000
        },
        "Agent.Environment.CumulativeReward.mean": {
            "value": 9.518325747275838,
            "min": 6.801750108599663,
            "max": 9.845044461163608,
            "count": 1000
        },
        "Agent.Policy.ExtrinsicReward.mean": {
            "value": 9.518325747275838,
            "min": 6.801750108599663,
            "max": 9.845044461163608,
            "count": 1000
        },
        "Agent.IsTraining.mean": {
            "value": 1.0,
            "min": 1.0,
            "max": 1.0,
            "count": 1000
        },
        "Agent.Losses.PolicyLoss.mean": {
            "value": 0.01701225091528613,
            "min": 0.010050660823859895,
            "max": 0.024993307506277537,
            "count": 243
        },
        "Agent.Losses.ValueLoss.mean": {
            "value": 2.5390047311782835,
            "min": 0.035204704664647576,
            "max": 2.5653300126393637,
            "count": 243
        },
        "Agent.Policy.LearningRate.mean": {
            "value": 3.725798758399863e-07,
            "min": 3.725798758399863e-07,
            "max": 0.0002987445604184801,
            "count": 243
        },
        "Agent.Policy.Epsilon.mean": {
            "value": 0.10012416,
            "min": 0.10012416,
            "max": 0.19958151999999998,
            "count": 243
        },
        "Agent.Policy.Beta.mean": {
            "value": 0.00013414758399999538,
            "min": 0.00013414758399999538,
            "max": 0.09958156184799997,
            "count": 243
        }
    },
    "metadata": {
        "timer_format_version": "0.1.0",
        "start_time_seconds": "1606213522",
        "python_version": "3.8.3 (default, Jul  2 2020, 11:26:31) \n[Clang 10.0.0 ]",
        "command_line_arguments": "/Users/ssrujanaa/opt/anaconda3/bin/mlagents-learn config/shooter.yaml --run-id=train_model4",
        "mlagents_version": "0.22.0",
        "mlagents_envs_version": "0.22.0",
        "communication_protocol_version": "1.2.0",
        "pytorch_version": "1.7.0",
        "numpy_version": "1.18.5",
        "end_time_seconds": "1606234015"
    },
    "total": 20492.133336179,
    "count": 1,
    "self": 0.580388757000037,
    "children": {
        "run_training.setup": {
            "total": 0.016491096999999844,
            "count": 1,
            "self": 0.016491096999999844
        },
        "TrainerController.start_learning": {
            "total": 20491.536456324997,
            "count": 1,
            "self": 84.34475794935133,
            "children": {
                "TrainerController._reset_env": {
                    "total": 8.973347786000001,
                    "count": 1,
                    "self": 8.973347786000001
                },
                "TrainerController.advance": {
                    "total": 20398.150206563645,
                    "count": 5000975,
                    "self": 41.01079648392988,
                    "children": {
                        "env_step": {
                            "total": 20357.139410079715,
                            "count": 5000975,
                            "self": 14223.666140157715,
                            "children": {
                                "SubprocessEnvManager._take_step": {
                                    "total": 6085.556992330463,
                                    "count": 5000975,
                                    "self": 205.69936840421724,
                                    "children": {
                                        "TorchPolicy.evaluate": {
                                            "total": 5879.857623926246,
                                            "count": 5000093,
                                            "self": 542.0569982085362,
                                            "children": {
                                                "TorchPolicy.sample_actions": {
                                                    "total": 5337.800625717709,
                                                    "count": 5000093,
                                                    "self": 5337.800625717709
                                                }
                                            }
                                        }
                                    }
                                },
                                "workers": {
                                    "total": 47.91627759153742,
                                    "count": 5000975,
                                    "self": 0.0,
                                    "children": {
                                        "worker_root": {
                                            "total": 20371.323200930336,
                                            "count": 5000975,
                                            "is_parallel": true,
                                            "self": 8988.224406022924,
                                            "children": {
                                                "steps_from_proto": {
                                                    "total": 0.0002369509999997632,
                                                    "count": 1,
                                                    "is_parallel": true,
                                                    "self": 7.562800000115999e-05,
                                                    "children": {
                                                        "_process_vector_observation": {
                                                            "total": 0.00016132299999860322,
                                                            "count": 4,
                                                            "is_parallel": true,
                                                            "self": 0.00016132299999860322
                                                        }
                                                    }
                                                },
                                                "UnityEnvironment.step": {
                                                    "total": 11383.098557956411,
                                                    "count": 5000975,
                                                    "is_parallel": true,
                                                    "self": 296.67926625079417,
                                                    "children": {
                                                        "UnityEnvironment._generate_step_input": {
                                                            "total": 185.46969339550998,
                                                            "count": 5000975,
                                                            "is_parallel": true,
                                                            "self": 185.46969339550998
                                                        },
                                                        "communicator.exchange": {
                                                            "total": 10071.163275848403,
                                                            "count": 5000975,
                                                            "is_parallel": true,