{"cameraMode":{"drawMode":0,"name":"Shaded","section":"Shading Mode"},"sceneLighting":false,"audioPlay":false,"sceneViewState":{"showFog":true,"showMaterialUpdate":false,"showSkybox":false,"showFlares":true,"showImageEffects":true,"showParticleSystems":true},"in2DMode":false,"pivot":{"x":0.00014644861221313477,"y":0.9592158794403076,"z":-0.006736636161804199},"rotation":{"x":-0.019729938358068467,"y":0.9759485125541687,"z":-0.09989338368177414,"w":-0.1927594244480133},"size":1.311545729637146,"orthographic":false}