{"cameraMode":{"drawMode":0,"name":"Shaded","section":"Shading Mode"},"sceneLighting":true,"audioPlay":false,"sceneViewState":{"showFog":true,"showMaterialUpdate":false,"showSkybox":true,"showFlares":true,"showImageEffects":true,"showParticleSystems":true},"in2DMode":false,"pivot":{"x":-4.871534824371338,"y":4.073546886444092,"z":-8.374114036560059},"rotation":{"x":-0.019729938358068467,"y":0.9759485125541687,"z":-0.09989338368177414,"w":-0.1927594244480133},"size":25.624223709106447,"orthographic":false}