{
    "name": "root",
    "metadata": {
        "timer_format_version": "0.1.0",
        "start_time_seconds": "1602563329",
        "python_version": "3.7.7 (default, Mar 26 2020, 10:32:53) \n[Clang 4.0.1 (tags/RELEASE_401/final)]",
        "command_line_arguments": "/opt/anaconda3/bin/mlagents-learn train.yaml --run-id=testworkwork8",
        "mlagents_version": "0.20.0",
        "mlagents_envs_version": "0.20.0",
        "communication_protocol_version": "1.1.0",
        "tensorflow_version": "2.3.1",
        "numpy_version": "1.18.1",
        "end_time_seconds": "1602563408"
    },
    "total": 78.536585396,
    "count": 1,
    "self": 0.005816019000008055,
    "children": {
        "run_training.setup": {
            "total": 0.011893216000000706,
            "count": 1,
            "self": 0.011893216000000706
        },
        "TrainerController.start_learning": {
            "total": 78.518876161,
            "count": 1,
            "self": 0.2116694089997253,
            "children": {
                "TrainerController._reset_env": {
                    "total": 29.814600419,
                    "count": 1,
                    "self": 29.814600419
                },
                "TrainerController.advance": {
                    "total": 48.121060162000255,
                    "count": 8701,
                    "self": 0.10274710299932366,
                    "children": {
                        "env_step": {
                            "total": 48.01831305900093,
                            "count": 8701,
                            "self": 43.12469992400189,
                            "children": {
                                "SubprocessEnvManager._take_step": {
                                    "total": 4.797233921999876,
                                    "count": 8701,
                                    "self": 0.18554245899937882,
                                    "children": {
                                        "TFPolicy.evaluate": {
                                            "total": 4.611691463000497,
                                            "count": 8701,
                                            "self": 4.611691463000497
                                        }
                                    }
                                },
                                "workers": {
                                    "total": 0.09637921299916741,
                                    "count": 8700,
                                    "self": 0.0,
                                    "children": {
                                        "worker_root": {
                                            "total": 74.3009542790005,
                                            "count": 8700,
                                            "is_parallel": true,
                                            "self": 40.79564993000015,
                                            "children": {
                                                "run_training.setup": {
                                                    "total": 0.0,
                                                    "count": 0,
                                                    "is_parallel": true,
                                                    "self": 0.0,
                                                    "children": {
                                                        "steps_from_proto": {
                                                            "total": 0.0063423480000039945,
                                                            "count": 1,
                                                            "is_parallel": true,
                                                            "self": 0.0002534680000039202,
                                                            "children": {
                                                                "_process_vector_observation": {
                                                                    "total": 0.006088880000000074,
                                                                    "count": 4,
                                                                    "is_parallel": true,
                                                                    "self": 0.006088880000000074
                                                                }
                                                            }
                                                        },
                                                        "UnityEnvironment.step": {
                                                            "total": 0.3170980700000001,
                                                            "count": 1,
                                                            "is_parallel": true,
                                                            "self": 0.00011866900000256919,
                                                            "children": {
                                                                "UnityEnvironment._generate_step_input": {
                                                                    "total": 0.00013502499999873407,
                                                                    "count": 1,
                                                                    "is_parallel": true,
                                                                    "self": 0.00013502499999873407
                                                                },
                                                                "communicator.exchange": {
                                                                    "total": 0.31661033900000035,
                                                                    "count": 1,
                                                                    "is_parallel": true,
                                                                    "self": 0.31661033900000035
                                                                },
                                                                "steps_from_proto": {
                                                                    "total": 0.00023403699999846594,
                                                                    "count": 1,
                                                                    "is_parallel": true,
                                                                    "self": 9.919999999397078e-05,
                                                                    "children": {
                                                                        "_process_vector_observation": {
                                                                            "total": 0.00013483700000449517,
                                                                            "count": 4,
                                                                            "is_parallel": true,
                                                                            "self": 0.00013483700000449517
                                                                        }
                                                                    }
                                                                }
                                                            }
                                                        }
                                                    }
                                                },
                                                "UnityEnvironment.step": {
                                                    "total": 33.505304349000355,
                                                    "count": 8699,
                                                    "is_parallel": true,
                                                    "self": 0.6837254430006539,